comp533.Barrier,BarrierClass
comp533.mvc.TokenCounterController,ControllerClass
comp533.mvc.IController,ControllerClass
comp533.mapper.IntSummingMapper,IntSummingMapperClass
comp533.mapper.MapperInterface,IntSummingMapperClass
comp533.Joiner,JoinerClass
comp533.mapping.KeyValuePair,KeyValueClass
comp533.mapping.KeyValueInterface,KeyValueClass
comp533.factory.MapperFactory,MapperFactory
comp533.mvc.TokenCounterModel,ModelClass
comp533.partition.Partitioner,PartitionerClass
comp533.partition.Partitioned,PartitionerClass
comp533.partition.PartitionerFactory,PartitionerFactory
comp533.reducer.TokenCountingReducer,ReducerClass
comp533.reducer.ReducerInterface,ReducerClass
comp533.factory.TokenReduceFactory,ReducerFactory
comp533.Slave,SlaveClass
comp533.SlaveRunnable,SlaveClass
comp533.main.IntSummingMain,StandAloneIntegerSummer
comp533.token.TokenCounter,StandAloneTokenCounter
comp533.mapper.TokenCountingMapper,TokenCountingMapperClass
comp533.mapper.MapperInterface,TokenCountingMapperClass
comp533.mvc.TokenCounterView,ViewClass
